Workbook

Sheet Inventory Data
A1: Inventory Reorder Analysis
A2: Code | B2: Product Description | C2: In Stock | D2: Required | E2: Sales (3M) | F2: Monthly Avg | G2: Coverage (Months) | H2: Coverage % | I2: Gap | J2: Decision
A3: MUS0005 | B3: SPEAKER QURAN SQ-669 | C3: 31 | D3: 20 | E3: 97 | F3: 32.3 | G3: =C3/F3 -> 0.95975232 | H3: =C3/D3 -> 1.55 | I3: =C3-D3 -> 11 | J3: =IF(H3<1,"اشتري الآن",IF(H3<1.5,"راقب","لا تشتري")) -> لا تشتري
A4: MUS0018 | B4: QURAN READ PEN 8GB LARGE AQ1002 | C4: 20 | D4: 20 | E4: 62 | F4: 20.7 | G4: =C4/F4 -> 0.96618357 | H4: =C4/D4 -> 1 | I4: =C4-D4 -> 0 | J4: =IF(H4<1,"اشتري الآن",IF(H4<1.5,"راقب","لا تشتري")) -> راقب
A5: MUS0025 | B5: QURAN READ PEN 8GB MEDIUM AQ1001 | C5: 21 | D5: 20 | E5: 69 | F5: 23 | G5: =C5/F5 -> 0.91304348 | H5: =C5/D5 -> 1.05 | I5: =C5-D5 -> 1 | J5: =IF(H5<1,"اشتري الآن",IF(H5<1.5,"راقب","لا تشتري")) -> راقب
A6: MUS0004 | B6: TOUCH LAMP QURAN SPEAKER SQ-112 | C6: 19 | D6: 10 | E6: 27 | F6: 9 | G6: =C6/F6 -> 2.1111111 | H6: =C6/D6 -> 1.9 | I6: =C6-D6 -> 9 | J6: =IF(H6<1,"اشتري الآن",IF(H6<1.5,"راقب","لا تشتري")) -> لا تشتري
A7: MUS0022 | B7: TEACHING QURAN CHILD READING | C7: 20 | D7: 10 | E7: 18 | F7: 6 | G7: =C7/F7 -> 3.3333333 | H7: =C7/D7 -> 2 | I7: =C7-D7 -> 10 | J7: =IF(H7<1,"اشتري الآن",IF(H7<1.5,"راقب","لا تشتري")) -> لا تشتري
A8: MUS0054 | B8: SUNDUS ADHAN CLOCK 091 | C8: 19 | D8: 10 | E8: 27 | F8: 9 | G8: =C8/F8 -> 2.1111111 | H8: =C8/D8 -> 1.9 | I8: =C8-D8 -> 9 | J8: =IF(H8<1,"اشتري الآن",IF(H8<1.5,"راقب","لا تشتري")) -> لا تشتري
A9: ALB0002 | B9: AL FAJR WALL CLOCK 21X22X2.5CM | C9: 26 | D9: 20 | E9: 63 | F9: 21 | G9: =C9/F9 -> 1.2380952 | H9: =C9/D9 -> 1.3 | I9: =C9-D9 -> 6 | J9: =IF(H9<1,"اشتري الآن",IF(H9<1.5,"راقب","لا تشتري")) -> راقب
A10: ALB0032 | B10: AL FAJR WALL CLOCK FLAT WHITE | C10: 39 | D10: 20 | E10: 40 | F10: 13.3 | G10: =C10/F10 -> 2.9323308 | H10: =C10/D10 -> 1.95 | I10: =C10-D10 -> 19 | J10: =IF(H10<1,"اشتري الآن",IF(H10<1.5,"راقب","لا تشتري")) -> لا تشتري
A11: ALB0041 | B11: SPEAKER QURAN SQ-202 | C11: 19 | D11: 20 | E11: 46 | F11: 15.3 | G11: =C11/F11 -> 1.2418301 | H11: =C11/D11 -> 0.95 | I11: =C11-D11 -> -1 | J11: =IF(H11<1,"اشتري الآن",IF(H11<1.5,"راقب","لا تشتري")) -> اشتري الآن
A12: ALB0042 | B12: QURAN SPEAKER SQ-02 | C12: 28 | D12: 20 | E12: 16 | F12: 5.3 | G12: =C12/F12 -> 5.2830189 | H12: =C12/D12 -> 1.4 | I12: =C12-D12 -> 8 | J12: =IF(H12<1,"اشتري الآن",IF(H12<1.5,"راقب","لا تشتري")) -> راقب

Sheet Dashboard
A1: 📊 Inventory Dashboard – Reorder Decision
B3: Total Products | E3: اشتري الآن 🔴 | H3: راقب 🟡 | K3: لا تشتري 🟢
B4: =COUNTA('Inventory Data'!A3:A12) -> 10 | E4: =COUNTIF('Inventory Data'!J3:J12,"اشتري الآن") -> 1 | H4: =COUNTIF('Inventory Data'!J3:J12,"راقب") -> 4 | K4: =COUNTIF('Inventory Data'!J3:J12,"لا تشتري") -> 5
A7: Coverage % by Product | I7: Decision Summary
A8: Product | B8: Coverage % | C8: Required | D8: In Stock | I8: Code | J8: Product | K8: In Stock | L8: Required | M8: Coverage % | N8: Decision
A9: MUS0005 | B9: ='Inventory Data'!H3 -> 1.55 | C9: 20 | D9: 31 | I9: ='Inventory Data'!A3 -> MUS0005 | J9: ='Inventory Data'!B3 -> SPEAKER QURAN SQ-669 | K9: ='Inventory Data'!C3 -> 31 | L9: ='Inventory Data'!D3 -> 20 | M9: ='Inventory Data'!H3 -> 1.55 | N9: ='Inventory Data'!J3 -> لا تشتري
A10: MUS0018 | B10: ='Inventory Data'!H4 -> 1 | C10: 20 | D10: 20 | I10: ='Inventory Data'!A4 -> MUS0018 | J10: ='Inventory Data'!B4 -> QURAN READ PEN 8GB LARGE AQ1002 | K10: ='Inventory Data'!C4 -> 20 | L10: ='Inventory Data'!D4 -> 20 | M10: ='Inventory Data'!H4 -> 1 | N10: ='Inventory Data'!J4 -> راقب
A11: MUS0025 | B11: ='Inventory Data'!H5 -> 1.05 | C11: 20 | D11: 21 | I11: ='Inventory Data'!A5 -> MUS0025 | J11: ='Inventory Data'!B5 -> QURAN READ PEN 8GB MEDIUM AQ1001 | K11: ='Inventory Data'!C5 -> 21 | L11: ='Inventory Data'!D5 -> 20 | M11: ='Inventory Data'!H5 -> 1.05 | N11: ='Inventory Data'!J5 -> راقب
A12: MUS0004 | B12: ='Inventory Data'!H6 -> 1.9 | C12: 10 | D12: 19 | I12: ='Inventory Data'!A6 -> MUS0004 | J12: ='Inventory Data'!B6 -> TOUCH LAMP QURAN SPEAKER SQ-112 | K12: ='Inventory Data'!C6 -> 19 | L12: ='Inventory Data'!D6 -> 10 | M12: ='Inventory Data'!H6 -> 1.9 | N12: ='Inventory Data'!J6 -> لا تشتري
A13: MUS0022 | B13: ='Inventory Data'!H7 -> 2 | C13: 10 | D13: 20 | I13: ='Inventory Data'!A7 -> MUS0022 | J13: ='Inventory Data'!B7 -> TEACHING QURAN CHILD READING | K13: ='Inventory Data'!C7 -> 20 | L13: ='Inventory Data'!D7 -> 10 | M13: ='Inventory Data'!H7 -> 2 | N13: ='Inventory Data'!J7 -> لا تشتري
A14: MUS0054 | B14: ='Inventory Data'!H8 -> 1.9 | C14: 10 | D14: 19 | I14: ='Inventory Data'!A8 -> MUS0054 | J14: ='Inventory Data'!B8 -> SUNDUS ADHAN CLOCK 091 | K14: ='Inventory Data'!C8 -> 19 | L14: ='Inventory Data'!D8 -> 10 | M14: ='Inventory Data'!H8 -> 1.9 | N14: ='Inventory Data'!J8 -> لا تشتري
A15: ALB0002 | B15: ='Inventory Data'!H9 -> 1.3 | C15: 20 | D15: 26 | I15: ='Inventory Data'!A9 -> ALB0002 | J15: ='Inventory Data'!B9 -> AL FAJR WALL CLOCK 21X22X2.5CM | K15: ='Inventory Data'!C9 -> 26 | L15: ='Inventory Data'!D9 -> 20 | M15: ='Inventory Data'!H9 -> 1.3 | N15: ='Inventory Data'!J9 -> راقب
A16: ALB0032 | B16: ='Inventory Data'!H10 -> 1.95 | C16: 20 | D16: 39 | I16: ='Inventory Data'!A10 -> ALB0032 | J16: ='Inventory Data'!B10 -> AL FAJR WALL CLOCK FLAT WHITE | K16: ='Inventory Data'!C10 -> 39 | L16: ='Inventory Data'!D10 -> 20 | M16: ='Inventory Data'!H10 -> 1.95 | N16: ='Inventory Data'!J10 -> لا تشتري
A17: ALB0041 | B17: ='Inventory Data'!H11 -> 0.95 | C17: 20 | D17: 19 | I17: ='Inventory Data'!A11 -> ALB0041 | J17: ='Inventory Data'!B11 -> SPEAKER QURAN SQ-202 | K17: ='Inventory Data'!C11 -> 19 | L17: ='Inventory Data'!D11 -> 20 | M17: ='Inventory Data'!H11 -> 0.95 | N17: ='Inventory Data'!J11 -> اشتري الآن
A18: ALB0042 | B18: ='Inventory Data'!H12 -> 1.4 | C18: 20 | D18: 28 | I18: ='Inventory Data'!A12 -> ALB0042 | J18: ='Inventory Data'!B12 -> QURAN SPEAKER SQ-02 | K18: ='Inventory Data'!C12 -> 28 | L18: ='Inventory Data'!D12 -> 20 | M18: ='Inventory Data'!H12 -> 1.4 | N18: ='Inventory Data'!J12 -> راقب
